Age_rcs1_c,Age_rcs2_c,Age_rcs3_c,Age_rcs4_c,Sex_cat2_1_c,BB6_cat5_1_c,BB6_cat5_2_c,BB6_cat5_3_c,BB6_cat5_4_c,J1A_cat2_1_c,J1B_cat2_1_c,J1C_cat2_1_c,J1D_cat2_1_c,J1DE_cat2_1_c,J1K_cat2_1_c,J1L_cat2_1_c,K2E_cat2_1_c,K3D_cat2_1_c,K3E_cat2_1_c,L1A_cat2_1_c,L2C_cat2_1_c,L2B_cat2_1_c,B2B_cat2_1_c,H3_cat2_1_c,IADL_cat7_1_c,IADL_cat7_2_c,IADL_cat7_3_c,IADL_cat7_4_c,IADL_cat7_5_c,IADL_cat7_6_c,ADL_cat7_1_c,ADL_cat7_2_c,ADL_cat7_3_c,ADL_cat7_4_c,ADL_cat7_5_c,ADL_cat7_6_c,P4A_cat4_1_c,P4A_cat4_2_c,P4A_cat4_3_c,P4B_cat4_1_c,P4B_cat4_2_c,P4B_cat4_3_c,Renal_cat4_1_c,Renal_cat4_2_c,Renal_cat4_3_c,Oxygen_cat6_1_c,Oxygen_cat6_2_c,Oxygen_cat6_3_c,Oxygen_cat6_4_c,Oxygen_cat6_5_c,Cancer_cat6_1_c,Cancer_cat6_2_c,Cancer_cat6_3_c,Cancer_cat6_4_c,Cancer_cat6_5_c,A2_cat5_1_c,A2_cat5_2_c,A2_cat5_3_c,A2_cat5_4_c,A1_cat7_1_c,A1_cat7_2_c,A1_cat7_3_c,A1_cat7_4_c,A1_cat7_5_c,A1_cat7_6_c,K8E_cat2_1_c,H0_5YR
0.013782701,-0.010380212,0.164405856,-0.230387244,0.348703798,0.061416564,0.030170815,-0.013016738,0.105422761,-0.134119779,0.298871454,0.050621722,-0.116110847,-0.120870975,-0.646153261,-0.264741547,0.309740798,0.120167693,0.28384419,0.446900971,0.216308695,0.38320061,0.092461678,0.340417381,0.020441044,0.188269503,0.190729007,0.270610679,0.496130512,0.678488749,0.115525155,0.270163171,0.362990098,0.689472089,0.894444535,1.284884107,0.121821282,0.253539405,0.321651338,0.09396142,0.125205092,0.136180044,0.263889897,0.347745221,0.495525423,0.200798826,0.462298377,0.080049296,0.101131641,0.423418277,1.165482083,0.708415335,0.778551493,1.336168434,1.215139114,-0.099533067,-0.290809339,0.124313155,-0.057585648,0.010679492,-0.0104816,-0.022371264,-0.074511641,-0.09710109,-0.10835343,1.166663692,0.92290647